corrected,og_name
1 AVENUE,1 AVENUE
1 PL,1. PL
101 AVENUE,101 AVENUE
14 AVENUE,14 AVE
21 AVENUE,21 AVE
37 AVENUE,37 AVENUE
4 AVENUE,4 AVE
46 ST,46 ST6 AVENUE
5 AVENUE,5 AVE
FLATLANDS 3 ST,52 FLATLAND 3 ST
53 AVENUE,53 AVENUE
53 ST,53 ROAD ST
55 ST,55 ST2B
57 PL,57 PL
59 PL,59 PL
60 PL,60 PL
71 ST,71. ST
95 AVENUE,95 AVENUE
ALBANY AVENUE,ABANY AVENUE
ADELPHI ST,ADELPHI
ADELPHI ST,ADELPHI AVENUE
ADELPHI ST,ADELPI ST
ADELPHI ST,ADEPHI
AGATE COURT,AGATE ST
AINSLIE ST,AINCLIE ST
AINSLIE ST,AINLIE ST
AINSLIE ST,AINSILE ST
AINSLIE ST,AINSLE ST
AINSLIE ST,AINSLEY ST
AINSLIE ST,AINSLIE AVENUE
AINSLIE ST,AINSLIEN ST
AINSLIE ST,AINSLIO ST
AITKEN PL,AITKEN PL
ALBANY AVENUE,ALBANY AVE
ALBEMARLE TERRACE,ALBEMARLE TER
AMHERST ST,AMHERST ST
AMHERST ST,AMHERSTAVENUE
ANGELA DRIVE,ANGELA DRIVE
APOLLO ST,APOLLO STREET
ARDSLEY LOOP,ARDSLEY LOOP (A5)
ARDSLEY LOOP,ARDSLEY LOOP BUILDING A3
ARDSLEY LOOP,ARDSLEY LOOPE
ARGLYE ROAD,ARGIVLE ROAD
ARGLYE ROAD,ARGLE ROAD
ARGLYE ROAD,ARGLYE ROAD
ARGLYE ROAD,ARGULE ROAD
ARGLYE ROAD,ARGYEL ROAD
ARGLYE ROAD,ARGYL ROAD
ARGYLE ROAD,ARGYLE ST
ARGLYE ROAD,ARGYLIS ROAD
ARGLYE ROAD,ARGYTE ROAD
ASH ST,ASH ST
ATKINS AVENUE,ATKIN AVENUE
ATKINS AVENUE,ATKINS ST
ATLANTIC AVENUE,ATLANTIC AVE
AVENUE K,AVE K
AVENUE W,AVENU W
AVIATION ROAD,AVIATION ROAD
BAINBRIDGE ST,BAINBEIDGE ST
BAINBRIDGE ST,BAINBRDGE ST
BAINBRIDGE ST,BAINBRIDE ST
BAINBRIDGE ST,BAINBRIDGE
BAINBRIDGE ST,BAMBRIDGE ST
BANNER 3 ROAD,BANNER 3 ROAD
BANNER 3 TERRACE,BANNER 3 TERRACE
BARLOW DRIVE N,BARLOW DRIVE
BARLOW DRIVE S,BARLOW DRIVE S
BAUGHMAN PL,BAUSHMAN PL
BAY 22 ST,BAY 22
BAY 52 ST,BAY 52 ST
BAY ST,BAY ST
BAY RIDGE PL,BAYRIDGE PL
BEACH 38 ST,BEACH 38 ST
BEACH 40 ST,BEACH 40 ST
BEACH 42 ST,BEACH 42 ST
BEACH 44 ST,BEACH 44 ST
BEACH 48 ST,BEACH 48 ST
BEACH 50 ST,BEACH 50 ST
BEACH RESERVATION,BEACH RESERVATION
BEDFORD AVENUE,BEDFORD AVE
BEDFORD PL,BEDFORD PL
BEEKMAN PL,BEEKERMAN PL
BEEKMAN PL,BEEKMAN ST
BEEKMAN PL,BEELMAN PL
BELL SLIP,BELL SLIP ST
BENNETT COURT,BENNET COURT
BENNETT COURT,BENNETT COURT
BERGEN AVENUE,BERGEN AVE
BERGEN BEACH PL,BERGEN BEACH
BERGEN COURT,BERGEN CV
BERKELEY PL,BERKLEY PL
BIJOU AVENUE,BIJOU AVENUE
BROOKLYN AVENUE,BKLYN AVENUE
BLAKE AVENUE,BLAKE AVE
BOULEVARD COURT,BLVD COURT
BOKEE COURT,BOKEE ST
BOND ST,BOND STT
BOND ST,BONDS
BOND ST,BONDS ST
BOULEVARD COURT,BOULEVARD COURT
BRIDGE PARK DRIVE,BRIDGE PARK DR
BRIGHTON 1 COURT,BRIGHTON 1 COURT
BRIGHTON 1 COURT,BRIGHTON 1 COURT
BRIGHTON 1 LANE,BRIGHTON 1 LANE
BRIGHTON 1 LANE,BRIGHTON 1 LANE
BRIGHTON 1 WALK,BRIGHTON 1 WALK
BRIGHTON 1 WALK,BRIGHTON 1 WALK
BRIGHTON 2 LANE,BRIGHTON 2 LANE
BRIGHTON 2 LANE,BRIGHTON 2 LANE
BRIGHTON 2 WALK,BRIGHTON 2 WALK
BRIGHTON 2 WALK,BRIGHTON 2 WALK
BRIGHTON 3 COURT,BRIGHTON 3 COURT
BRIGHTON 3 COURT,BRIGHTON 3 COURT
BRIGHTON 3 LANE,BRIGHTON 3 LANE
BRIGHTON 3 LANE,BRIGHTON 3 LANE
BRIGHTON 3 PL,BRIGHTON 3 PL
BRIGHTON 3 PL,BRIGHTON 3 PL
BRIGHTON 3 ROAD,BRIGHTON 3 ROAD
BRIGHTON 3 ROAD,BRIGHTON 3 ROAD
BRIGHTON 3 WALK,BRIGHTON 3 WALK
BRIGHTON 3 WALK,BRIGHTON 3 WALK
BRIGHTON 4 COURT,BRIGHTON 4 COURT
BRIGHTON 4 COURT,BRIGHTON 4 COURT
BRIGHTON 4 LANE,BRIGHTON 4 LANE
BRIGHTON 4 LANE,BRIGHTON 4 LANE
BRIGHTON 4 PL,BRIGHTON 4 PL
BRIGHTON 4 PL,BRIGHTON 4 PL
BRIGHTON 4 TERRACE,BRIGHTON 4 TER
BRIGHTON 5 COURT,BRIGHTON 5 COURT
BRIGHTON 5 COURT,BRIGHTON 5 COURT
BRIGHTON 5 LANE,BRIGHTON 5 LANE
BRIGHTON 5 LANE,BRIGHTON 5 LANE
BRIGHTON 5 PL,BRIGHTON 5 PL
BRIGHTON 5 PL,BRIGHTON 5 PL
BRIGHTON 5 WALK,BRIGHTON 5 WALK
BRIGHTON 5 WALK,BRIGHTON 5 WALK
BRIGHTON 6 COURT,BRIGHTON 6 COURT
BRIGHTON 6 COURT,BRIGHTON 6 COURT
BRIGHTON 7 COURT,BRIGHTON 7 COURT
BRIGHTON 7 COURT,BRIGHTON 7 COURT
BRIGHTON 7 LANE,BRIGHTON 7 LANE
BRIGHTON 7 LANE,BRIGHTON 7 LANE
BRIGHTON 7 WALK,BRIGHTON 7 WALK
BRIGHTON 7 WALK,BRIGHTON 7 WALK
BRIGHTON 8 COURT,BRIGHTON 8 COURT
BRIGHTON 8 COURT,BRIGHTON 8 COURT
BRIGHTON BEACH AVENUE,BRIGHTON BEACH
BRIGHTWATR COURT,BRIGHTWATER CT
BRIGHTWATR COURT,BRIGHTWATR COURT
,BROOKLYN BRIDGE PARK
BROOKLYN BRIDGE PARK,BROOKLYN BRIDGE PARK
BUFFALO AVENUE,BUFFALO AVE
BUSHWICK AVENUE,BUSHWICK AVE
CADMAN PLAZA EAST,CADMAN PLAZA EAST
CANDA AVENUE,CANDA AVENUE
CATHEDRAL PL,CATHEDRAL PL
CATHERINE FAGAN ST,CATHERINE FAGAN ST
CELEST COURT,CELESTCOURT
CENTRAL AVENUE,CENTRAL AVE
CENTRE ST,CENTRE ST
CHAPEL ST,CHAPEL ST
CHESTER AVENUE,CHESTER AVENUE
CHESTER AVENUE,CHESTR AVE
CHRISTOPHER AVENUE,CHRISTPHR AVENUE
CITY PT,CITY PT
CLARKSON AVENUE,CLARKSON AVE
CLASSON AVENUE,CLASSON AVE
CLEAR WATER ROAD,CLEAR WATER ROAD
CLERMONT AVENUE,CLERMONT AVE
CLINTON AVENUE,CLINTON AVE
CLYMER ST,CLYMEO ST
COLES ST,COLES ST
COLIN PL,COLIN PL
COLONIAL COURT,COLONIAL COURT
CONDUIT BLVD,CONDUIT AVENUE
CONDUIT BLVD,CONDUIT BLVD
CONWAY ST,CONWAY ST
COOKE COURT,COOKE COURT
COOPER ST,COOPER AVENUE
CORBIN COURT,CORBIN COURT
CORTELYOU ROAD,CORTELYOU
COZINE AVENUE,COZEN AVENUE
COZINE AVENUE,COZINE AVEUNE
COZINE AVENUE,COZINE ST
CRANBERRY ST,CRANBERRY
CROOKE AVENUE,CROOKE AVE
CROPSEY AVENUE,CROPSEY AVE
CRYSTAL AVENUE,CRYSTL AVENUE
CYRUS AVENUE,CRYUS AVENUE
CUMBERLAND WALK,CUMBERLAND WLK
AVENUE D,D AVENUE
DAHLGREN PL,DAHLGREEN PL
DAKOTA PL,DAKOTA PL
DARBEY ST,DARBEY ST
DECATUR AVENUE,DECATUR AVENUE
DEKALB AVENUE,DEKALB AVE
DENTON PL,DENTON PL
DICTUM COURT,DICTUM ST
DRIGGS AVENUE,DIGGS AVENUE
DIKEMAN ST,DIKEMEN ST
DITMAS AVENUE,DITMARS AVENUE
DIVISION PL,DIVISION PL
DORCHESTER ROAD,DORCHESTR
DOSCHER ST,DOSHER ST
DOUBLEDAY LANE,DOUBLE DAY LANE
DOUGHTY ST,DOUGHTY ST
DEVOE ST,DOVOE ST
DOWNING ST,DOWING ST
DOWNING ST,DOWNSING ST
DUFFIELD ST,DUFFIED ST
DUFFIELD ST,DUFFIELF ST
DUFFIELD ST,DUFFILED ST
DUMONT AVENUE,DUMONT AVENEUE
DUMONT AVENUE,DUMONT ST
DUPONT ST,DUPOINT ST
DUPONT ST,DUPPONT ST
EAST 18 ST,E 18 ST
EAST 19 ST,E 19 ST
EAST 21 ST,E 21 ST2B
EAST 31 ST,E 31 ST
EAST 51 ST,E 51 ST
EAST 56 ST,E 56 ST
EAST 57 ST,E 57 ST
EAST 7 ST,E 7 STAPT
EAST 7 ST,E 7 STAPT 1B
EAST 80 ST,E 80 ST
E 96 ST,E 96 ST
EAST NEW YORK AVENUE,E NEW YORK AVE
EAGLE ST,EAGLE STERET
EAGLE ST,EAGLEST
EAST 2 ST,EAS 2 ST
EAST 103 ST,EAST 103 BST
EAST 103 ST,EAST 103 ROAD
EAST 104 ST,EAST 104 ST
EAST 104 ST,EAST 104 ST
EAST 13 ST,EAST 13
EAST 13 ST,EAST 13 ST3EET
EAST 2 ST,EAST 2 AVENUE
EAST 21 ST,EAST 21
EAST 22 ST,EAST 22 STREET
EAST 26 ST,EAST 26ST
EAST 28 ST,EAST 28 AVENUE
EAST 31 ST,EAST 31 AVENUE
EAST 31 ST,EAST 31 STEE
EAST 32 ST,EAST 32 AVENUE
EAST 39 ST,EAST 39 AVENUE
EAST 40 ST,EAST 40 THE ST
EAST 44 ST,EAST 44 ST
EAST 45 ST,EAST 45 STEE7
EAST 47 ST,EAST 47 ST
EAST 47 ST,EAST 47 ST
EAST 52 ST,EAST 52 STERT
EAST 56 ST,EAST 56ST
EAST 58 ST,EAST 58 AVENUE
EAST 63 ST,EAST 63 PL
EAST 65 ST,EAST 65 PL
EAST 66 ST,EAST 66 ST5
EAST 7 ST,EAST 7 AVENUE
EAST 72 ST,EAST 72
EAST 73 ST,EAST 73 ROAD
EAST 89 ST,EAST 89 SYTREET
EAST 93 ST,EAST 93 EET
EAST 93 ST,EAST 93 ROAD
EAST NEW YORK AVENUE,EAST NY AVENUE
EASTERN PARKWAY,EAST PARKWAY
EASTERN PARKWAY,EAST RN PKWAY
EAST 96 ST,EAT 96 ST
ECKFORD ST,ECKFORD AVENUE
8 ST,EIGHT ST
NORTH ELLIOTT PL,ELLIOTT PL
ERASMUS ST,ERAMUS ST
ERSKINE ST,ERSKINE PL
ERSKINE ST,ERSKINE ST
ESSEX ST,ESSEX
ESSEX ST,ESSEX AVENUE
ESSEX ST,ESSSEX ST
EAST 13 ST,EST13 ST
EAST 35 ST,EST35 ST
EAST 81 ST,EST81 ST
EAST 93 ST,EST93 ST
ETNA ST,ETNA AVENUE
EUCLID AVENUE,EUCID AVENUE
EUCLID AVENUE,EUCILD AVENUE
EUCLID AVENUE,EUCLID ST
EUCLID AVENUE,EUCLIO AVENUE
EVERGREEN AVENUE,EVERGREEN AVE
FERRIS ST,FERRIS ST
FLATBUSH AVENUE,FLATBUSH AVENUE
FLATBUSH AVENUE,FLATBUSH AVENUE
FLATLANDS AVENUE,FLATLANDS 2
FLEET ST,FLEET ST
FLOYD BENNETT FIELD,FLOYD BENNETT FIELD
FLUSHING AVENUE,FLUCHING AVENUE
FLUSHING AVENUE,FLUSHIN G AVENUE
FLUSHING AVENUE,FLUSHING AVE
FLUSHING AVENUE,FLUSHING AVENU
FLUSHING AVENUE,FLUSHUNG AVENUE
FOLKK PL,FOLKK PL
FOLSOM PL,FOLSEN PL
FORCE TUBE AVENUE,FORCE TUBE AVENUE
FOREST PL,FORESTPL
FORT HAMILTON PARKWAY,FORT HAMILTN PARKWAY
FORT HAMILTON PARKWAY,FORT HAMILTON
FORT HAMILTON PARKWAY,FORT HAMILTON AVENUE
FORT HILL PL,FORT HILL PL
FOSTER AVENUE,FOSTR AVENNUE
FRANKLIN AVENUE,FRANKLIN AVE
FORT GREENE PL,FT GREEN PL
FORT HAMILTON PARKWAY,FT HAMILTON AVENUE
FORT HILL PL,FT HILL PL
FORT HAMILTON PARKWAY,FT.HAMILTON PARKWAY
GARDNER AVENUE,GARDNER AVENUE
MOTHER GASTON BLVD,GASTN BLVD
GATES AVENUE,GATES AVE
,GAYLORD DRIVE
GAYLORD DRIVE NORTH,GAYLORD DRIVE NORTH
GENERAL LEE AVENUE,GENERAL LEE AVENUE
GLENMORE AVENUE,GLENMORE AVE
GRANT AVENUE,GRANT AVE
GREENE AVENUE,GREENE AVE
GREEN ST,GREENE ST
GREENWOOD AVENUE,GREENWOOD AVE
GUERNSEY ST,GUEMSEY ST
GUERNSEY ST,GUERMSEY ST
GUERNSEY ST,GUERNEY ST
HALE AVENUE,HALE AVE
HALLECK ST,HALLECK ST
HALSEY ST,HALSEY
HAMILTON AVENUE,HAMILTON AVENUE
HANOVER PL,HANOVER PL
HARBOR DR,HARBOR DRIVE
HARBOR LANE,HARBOR LANE
HART PL,HART PL
HAUSMAN ST,HAUSMAN
HAVENS PL,HAVEN PL
HAVENS PL,HAVENS PL
HAWTHORNE ST,HAWTHOME ST
HAWTHORNE ST,HAWTHORN AVENUE
HAWTHORNE ST,HAWTHORN ST
HAWTHORNE ST,HAWTHORNE
HAWTHORNE ST,HAWTHORNE AVENUE
HAWTHORNE ST,HAWTHORNEST
HAWTHORNE ST,HAWTHRORNE ST
HEGEMAN AVENUE,HEGEMAN AAVENUE
HEGEMAN AVENUE,HEGEMAN AVAENUE
HEGEMAN AVENUE,HEGEMAN AVENUE JEWISH BOARD
HEGEMAN AVENUE,HEGEMEN AVENUE
HEGEMAN AVENUE,HEGEMN AVENUE
HEGEMAN AVENUE,HEGEMON AVENUE
HEGEMAN AVENUE,HEGERMAN AVENUE
HEGEMAN AVENUE,HEGMAN AVE
HEGEMAN AVENUE,HEGMAN AVENUE
HENDRIX ST,HENDRIX PL
HERKIMER PL,HERKIMER PL
HERKIMER PL,HERKIMER PL
HERKIMER ST,HERKIMER STEE
HERZL ST,HERZEL ST
HEWES ST,HEWS ST
HINSDALE ST,HINSDALE
HITCHINGS AVENUE,HITCHINGS AVENUE
HUBBARD PL,HOBBARD PL
HOLLY ST,HOLLY ST
HOMECREST AVENUE,HOMECRESTAVE
HUMBOLDT ST,HUMNOLDT ST
HUMBOLDT ST,HUNBLDT ST
IMLAY ST,IMLAY ST
INDIANA PL,INDIANA PL
INTERBOROUGH PARKWAY,INTERBORO PARKWAY
INTERBOROUGH PARKWAY,INTERBOROUGH PARKWAY
IRVING AVENUE,IRVING AVE
IRVING AVENUE,IRVING ST
AVENUE J,J AVENUE
JAFFRAY ST,JAFFREY ST
JAY ST,JAV ST
JEFFERSON AVENUE,JEFFERSON AVE
JEWEL MCKOY LANE,JEWEL MC COY LANE
JEWEL MCKOY LANE,JEWEL MCKOY LANE
JORALEMON ST,JORALEM ST
JORALEMON ST,JORALEMAN ST
JORALEMON ST,JORALEMON
JORALEMON ST,JORALMON ST
JARDINE PL,JORDINE PL
JORALEMON ST,JORELEMON ST
KARWEG PL,KARWEG PL
KENMORE COURT,KENMORE COURT
KENMORE TERRACE,KENMORE TERRACE
KENT AVENUE,KENT AVE
KINGSLAND AVENUE,KINGLAND AVENUE
KINGSBORO 1 WALK,KINGS 1 WALK
KINGSBORO 2 WALK,KINGS 2 WALK
KINGSBORO 3 WALK,KINGS 3 WALK
KINGSBORO 4 WALK,KINGS 4 WALK
KINGSBORO 5 WALK,KINGS 5 WALK
KINGSBORO 6 WALK,KINGS 6 WALK
KINGSBORO 7 WALK,KINGS 7 WALK
KINGSBORO 2 WALK,KINGSBORO 2 WALK
KINGSBOROUGH HOUSES,KINGSBOROUGH HOUSES
KINGSLAND AVENUE,KINGSLAND
KNICKERBOCKER AVENUE,KNICKERBOCKER
KNICKERBOCKER AVENUE,KNICKERBOCKER AVE
KNICKERBOCKER AVENUE,KNICKRBCKR AVENUE
LACON COURT,LACON COURT
LAFAYETTE AVENUE,LAFAYETTE AVE
LAFAYETTE AVENUE,LAFAYETTE ST
LAFAYETTE WALK,LAFAYETTE WALK
LAKE AVENUE,LAKE AVENUE
LANDIS COURT,LANDIS COURT
LAUREL AVENUE,LAUREL PL
LAWN COURT,LAWN COURT
LEE AVENUE,LEE AVEVNUE
LEXINGTON AVENUE,LEXIINGTON AVENUE
LEXINGTON AVENUE,LEXINGTION AVENUE
LEXINGTON AVENUE,LEXINGTON
LEXINGTON AVENUE,LEXINGTON AVE
LEXINGTON AVENUE,LEXINGTON AVNEUE
LEXINGTON AVENUE,LEXINGTON ST
LEXINGTON AVENUE,LEXINTON AVENUE
LIBERTY AVENUE,LIBERTY AV
LINCOLN AVENUE,LINCOLN AVE
LINCOLN TERRACE,LINCOLN TER
LINCOLN TERRACE,LINCOLN TERRACE
LIVONIA AVENUE,LIVONIA AVE
LOGAN ST,LOGAN AVENUE
LOGAN ST,LOGEN ST
LOGAN ST,LOGN ST
LONG ISLAND UNIVERSITY,LONG IS UNIVERSITY
LOVE LANE,LOVE LANE
LUQUER ST,LUQER ST
MCDONALD AVENUE,MAC DONALD AVENUE
MCDONALD AVENUE,MACDONALD AVENUE
MACDONOUGH ST,MACDONOUGH
MANHATTAN AVENUE,MANHATTAN AVE
WEST MARGINAL ST,MARGINAL WEST
MARINE PARKWAY,MARINE PKWY
MARLBOROUGH ROAD,MARLBORO ROAD
MARLBOROUGH ROAD,MARLBOROUGH COURT
MARSHALL DRIVE,MARSHALL DRIVE
MARSHALL DRIVE,MARSHALL DRIVE NORTH
MARSHALL DRIVE S,MARSHALL DRIVE S
MARTENSE ST,MARTENCE ST
MARTIN LUTHER KING JR PL,MARTIN KING JR PL
MASPETH AVENUE,MASPETH AVE
MATTHEWS COURT,MATTHEWS COURT
MAUJER ST,MAUJER STR
MAYFAIR DRIVE,MAYFAIR DRIVE
MAYFAIR DRIVE NORTH,MAYFAIR DRIVE N
MCCLANCY PL,MC CLANCY PL
MCDONOUGH ST,MC DONOUGH ST
MCDOUGAL ST,MC DOUGAL ST
MCGUINNESS BLVD,MC GUINESS BLVD
MCGUINNESS BLVD SOUTH,MC GUINNESS BLVD SOUTH
MCKIBBEN COURT,MC KIBBEN COURT
MCKIBBEN ST,MC KIBBEN ST
MEADOW ST,MEADOW ST
MEEKER AVENUE,MEEKER ST
MENAHAN ST,MENACHAN ST
MENAHAN ST,MENACN ST
MENAHAN ST,MENAHAH ST
MENAHAN ST,MENAHAM ST
MENAHAN ST,MENAHEN ST
MENAHAN ST,MENAHON ST
MENAHAN ST,MENANAN ST
MENAHAN ST,MENANHAN ST
MENAHAN ST,MENEHAN ST
MENAHAN ST,MENOHAN ST
MENAHAN ST,MENSHAN ST
MESEREAU COURT,MESEREAU COURT
MESEROLE ST,MESEROLE STEE
METROPOLITAN AVENUE,METROPOLITAN AVE
METROPOLITAN AVENUE,METROPOLTN AVENUE
METROTECH CENTER,METROTECH CENTER
METROTECH CENTER,METROTECH CTR
MILL ROAD,MILL ROAD
MINNA ST,MINNA SRREET
MOFFAT ST,MOFAT ST
MOFFAT ST,MOFFAT AVENU
MOFFAT ST,MOFFET ST
MONTAGUE TERRACE,MONTAGUE TER
MONTANA PL,MONTANA PL
MONTAUK AVENUE,MONTAUK AVE
MONTIETH ST,MONTEITH ST
MORGAN AVENUE,MORGAN AVE
NOSTRAND AVENUE,MOSTAND AVENUE
MOTHER GASTON BLVD,MOTHER GASTN
MURDOCK COURT,MURDOCK CT
MYRTLE AVENUE,MYRLTLE AVENUE
MYRTLE AVENUE,MYRTLE AVE
MYRTLE AVENUE,MYRTLE AVENUUE
MYRTLE AVENUE,MYRTLE AVEUE
MYRTLE AVENUE,MYRTLE ST
MYRTLE AVENUE,MYRTTLE AVENUE
NORTH 11 ST,N 11 ST
NORTH 4 PL,N 4 PL
NORTH 5 ST,N 5 AVENUE
NORTH 6 ST,N 6 ST
NORTH 9 ST,N 9 ST
NORTH HENRY ST,N HENRY ST
NASSAU AVENUE,NASSAU AVE
NAVY ST,NAVY ST
NEW UTRECHT AVENUE,NEW UTRECHT
NEW UTRECHT AVENUE,NEW UTRECTH AVENUE
NEW YORK AVENUE,NEW YORK AVE
NEWKIRK AVENUE,NEWKIRK AVE
NIXON COURT,NIXON ST
NORTHSIDE PIERS,NOERTHSIDE PIERS
NORMAN AVENUE,NORMAN ST
NORTH 3 ST,NORTH 3 AVENUE
NORTH 5 ST,NORTH 5 PL
NORTH 7 ST,NORTH 7
NORTH 9 ST,NORTH 9 PL
NORTH CONDUIT BLVD,NORTH CONDUIT AVENUE
NORTH CONDUIT BLVD,NORTH CONDUIT BLVD
NORTH PORTLAND AVENUE,NORTH PORTLAND
NORTH PORTLAND AVENUE,NORTH PORTLAND AVENNUE
NORTH PORTLAND AVENUE,NORTH PORTLAND ST
NORTH PORTLAND AVENUE,NORTH PORTLAND WALK
NORTHSIDE PIERS,NORTHSIDE PIER
NOSTRAND AVENUE,NOSTAND AVE
OCEAN AVENUE,OCEAN AVENUE
OCEAN VIEW AVENUE,OCEAN VIEW AVE
OCEANA DRIVE,OCEANA DRIVE
OCEANA DRIVE EAST,OCEANA DRIVE E
OLD MILL ROAD,OLD MILL ROAD
VANDALIA AVENUE,OLD VANDALIA ST
OPAL COURT,OPAL COURT
OTSEGO ST,OTSEGO ST
OVINGTON AVENUE,OVINGTON AVE
PACIFIC ST,PACFIC ST
PACIFIC ST,PACICFIC ST
PACIFIC ST,PACICIC ST
PACIFIC ST,PACIDIC ST
PACIFIC ST,PACIFIC AVENUE
PACIFIC ST,PACIFIC ROAD
PACIFIC ST,PACIFIC ST1
PACIFIC ST,PACIFIC STREET
PACIFIC ST,PACIFICA ST
PACIFIC ST,PACIFICE ST
PACIFIC ST,PACIFIE ST
PACIFIC ST,PACIFIF ST
PACIFIC ST,PACIFIFC ST
PACIFIC ST,PACIIC ST
PARK PL,PACK PL
PAERDEGAT 4 ST,PAEDERGAT 4 ST
PAERDEGAT 15 ST,PAEDERGOT 15 ST
PAERDEGAT 5 ST,PAERDEGAT 5
PARK PL,PARK PLCE
PARKVILLE AVENUE,PARKVILLE
PARROTT PL,PARROT PL
PENCE ST,PENCE ST
PENNSYLVANIA AVENUE,PENNSYLVAN AVENUE
PENNSYLVANIA AVENUE,PENNSYLVANIA AVE
PERI LANE,PERRI LANE
PILLING ST,PIERREPONT PL
PILLING ST,PILING ST
PILLING ST,PILLINGS ST
PILLING ST,PILLNG ST
PITKIN AVENUE,PITKINS AVENUE
PLAZA ST EAST,PLAZA STE
PLAZA ST WEST,PLAZA STW
PLEASANT PL,PLEASANT AVENUE
PLEASANT PL,PLEASENT PL
PLUMB 1 ST,PLUMB 1
PLYMOUTH ST,PLYMOTH ST
POLY PL,POLY PL
POST COURT,POST COURT
POST COURT,POSTCOURT
PRESCOTT PL,PRESCOTT PL
PRESCOTT PL,PRESCOTT PL
PRESTON COURT,PRESTN COURT
PROSPECT PARK,PROSPECT PARK
PUTNAM AVENUE,PUTNAM AVE
QUAY ST,QUAY ST
REID AVENUE,REID AVENUE
RENAISSANCE COURT,RENAISANCE COURT
RIDGE CREST TERRACE,RIDGE CRESTTERRACE
RIDGEWOOD AVENUE,RIDGEWOOD AVE
RIDGEWOOD AVENUE,RIDGEWOOD ST
ROCKAWAY PARKWAY,ROACKAWAY PRKWAY
ROCHESTER AVENUE,ROCHESTR AVE
ROCKAWAY AVENUE,ROCKAWAY AVE
RODER AVENUE,RODER AVENUE
ROGERS AVENUE,ROGERS AVE
RUGBY ROAD,RUGBT ROAD
RUTLEDGE ST,RUTLEDGE AVENUE
SOUTH 2 ST,S 2 ST
SOUTH 4 ST,S 4 STAPT
SOUTH ELLIOTT PL,S ELLIOTT PL
SAINT EDWARDS ST,SAINT EDWARD ST
SAINT EDWARDS ST,SAINT EDWARDS
SAINT FRANCIS PL,SAINT FRANCES PL
SAINT JAMES PL,SAINT JAMES
SAINT JOHNS PL,SAINT JOHNS AVENUE
SAINT JUDE PL,SAINT JUDE PL
SAINT JUDE PL,SAINT JUDES PL
SAINT MARKS AVENUE,SAINT MARKS AVE
SAINT NICHOLAS AVENUE,SAINT NICHOLAS
SANFORD ST,SANDFORD ST
SANFORD ST,SANFORD ST
SAPPHIRE ST,SAPHIRE ST
SARATOGA AVENUE,SATATOGA AVENUE
SCHENCK AVENUE,SCHENCK AVE
SCHENCK PL,SCHENCK PL
SCHENECTADY AVENUE,SCHENECTADY
SCHENECTADY AVENUE,SCHENECTADY AV
SCHENECTADY AVENUE,SCHENECTADY AVE
SCHENCK ST,SCHENK ST
SCHERMERHORN ST,SCHERMERHN ST
SCHERMERHORN ST,SCHERMERHORN
SCHOLES ST,SCHOLES
SCHROEDERS AVENUE,SCHROEDERS AVE
SEA COAST TERRACE,SEA COASTTERRACE
SEA BREEZE AVENUE,SEABREEZE AVENUE
SEABRING ST,SEABRING ST
SEIGEL COURT,SEIGAL COURT
SEIGEL ST,SEIGAL ST
SHEEPSHEAD BAY ROAD,SHEEPSHEAD BAY
SHORE ROAD LANE,SHORE ROAD LANE
SHEFFIELD AVENUE,SHRFFIELD AVENUE
SUMPTER ST,SIMPTER ST
SKIDMORE LANE,SKIDMORE LANE
SMITHS LANE,SMITHS LANE
SNEDIKER AVENUE,SNEDDIKER AVENUE
SNEDIKER AVENUE,SNEDIKER ST
SNEDIKER AVENUE,SNEDKER AVENUE
SNEDIKER AVENUE,SNEIDER AVENUE
SNEDIKER AVENUE,SNENIKER AVENUE
SNYDER AVENUE,SNYDER AVERNUE
SNYDER AVENUE,SNYDER AVEUE
SNYDER AVENUE,SNYDER AVNEUE
SNYDER AVENUE,SNYDER ST
SNYDER AVENUE,SNYIDER AVENUE
SOMERS ST,SOMER ST
SOMERS ST,SOMERE ST
SOMERS ST,SOMERS AVENUE
SOMERS ST,SOMMER AVENUE
SOUTH 3 ST,SOUTH 3 ROAD ST
SOUTH CONDUIT BLVD,SOUTH CONDUIT AVENUE
SOUTH CONDUIT BLVD,SOUTH CONDUIT BLVD
SOUTH ELLIOTT PL,SOUTH ELLIOTT ST
SOUTHGATE COURT,SOUTH GATE COURT
SOUTH PORTLAND AVENUE,SOUTH PORLAND AVENUE
SOUTH PORTLAND AVENUE,SOUTH PORTLAND
SOUTH PORTLAND AVENUE,SOUTH PORTLAND AVE
SOUTH PORTLAND AVENUE,SOUTH PORTLAND AVEUE
SAINT JAMES PL,ST JAMES PL
SAINT JOHNS AVENUE,ST JOHNS PL
SAINT MARKS AVENUE,ST MARKS AVENUE
SAINT PAULS PL,ST PAULS PL
SAINT ANDREWS PL,STANDREWS PL
STOCKHOLM ST,STCKHOLM
SAINT EDWARD ST,STEDWARD ST
STILLWELL AVENUE,STILLWELL AVENUE
STILLWELL PL,STILLWELL PL
STINTON ROAD,STINTON ROAD
SAINT JUDES PL,STJUDES PL
STILLWELL AVENUE,STLLWELL AVE
STILLWELL PL,STLLWELLS PL
SAINT MARKS AVENUE,STMARKS AVE
STANLEY AVENUE,STNLEY AVE
STINTON ROAD,STNTON ROAD
STOCKHOLM ST,STOCKHOLM ST
SUMNER PL,SUMNER PL
SUNNYSIDE AVENUE,SUNNYSIDE AVE
SUTTER AVENUE,SUTTER AVE
TAPSCOTT ST,TAPSCOTT AVENUE
TEHAMA ST,TEHAMN ST
TEHAMA ST,TEHANA ST
TEHAMA ST,TEHOMA ST
THATFORD AVENUE,THATFORD ST
THOMAS S BOYLAND ST,THOMAS S. BOYLAND ST
TIFFANY PL,TIFANY PL
TILLARY AVENUE,TILLARY
TOMPKINS AVENUE,TOMPKINS AVE
TROUTMAN ST,TROUTMAN
TROY AVENUE,TROY AVE
TRUCKLEMANS LANE,TRUCKELMANS LANE
TRUCKLEMANS LANE,TRUCKLEMANS LANE
TABOR COURT,TUBOR COURT
TUDOR TERRACE,TUDOR TER
TUDOR TERRACE,TUDOR TERACE
TWIN PINES DRIVE,TWIN PINE DRIVE
TWIN PINES DRIVE,TWIN PINES DRIVE EAST
TWIN PINES DRIVE,TWIN PINES DRIVES
TWIN PINES DRIVE,TWINPINES DRIVE
TWIN PINES DRIVE,TWINS PINE DRIVE
AVENUE U,U AVENUE
UNION AVENUE,UNION AVE
,UNION PL
UTICA AVENUE,UTIC AVEENUE
UTICA AVENUE,UTIC AVENUE
UTICA AVENUE,UTICA AVE
UTICA AVENUE,UTICA AVNEUE
UTICA AVENUE,UTIKA AVENUE
AVENUE V,V AVENUE
VAN SICLEN AVENUE,VAN SICLEN AVE
VAN SINDEREN AVENUE,VAN SIDEREN AVENUE
VAN SINDEREN AVENUE,VAN SINDEREN
VAN SINDEREN AVENUE,VAN SINDEREN AVE
VAN SINDEREN AVENUE,VAN SINDRN AVENUE
VAN BRUNT ST,VANBRUNT ST
VANDALIA AVENUE,VANDALIA AVE
VAN DAM ST,VANDAM ST
VANDERVEER ST,VANDEVEER ST
VAN DYKE ST,VANDYKE ST
VAN SICKLEN ST,VANSICKLEN ST
VAN SINDEREN AVENUE,VANSINDEREN AVENUE
VARICK ST,VARICK ST
VARKENS HOOK ROAD,VARKENS HOOK ROAD
VARKENS HOOK ROAD,VARKINS HOOK ROAD
VERMONT ST,VERMONT AVENUE
VERNON AVENUE,VERNON AVE
VILLAGE COURT,VILLAGE COURT
VILLAGE ROAD NORTH,VILLAGE ROAD N
VIRGINIA PLACE,VIRGINIA PLACAE
VOORHIES AVENUE,VOORHEES AVENUE
VOORHIES AVENUE,VOURHIES AVENUE
WEST 3 ST,W 3 ST
WEST 5 ST,W 5 ST
WEST 9 ST,W 9 ST
WAKEMAN PL,WAKEMAN ST
WASHINGTON AVENUE,WASHINGTON AVE
WASHINGTON DRIVE,WASHINGTON DRIVE
WASHINGTON DRIVE,WASHINGTON ROAD
WATERBURY ST,WATERBURY ST
WATKINS ST,WATKINS
WAVERLY AVENUE,WAVELY AVENUE
WAVERLY AVENUE,WAVERLEY AVENUE
WAVERLY AVENUE,WAVERLY AVE
WEBERS COURT,WEBERS COURT
WELLS ST,WELLS ST
WEST 11 ST,WEST 11 AVENUE
WEST 12 ST,WEST 12 STREET
WEST 15 PL,WEST 15 PL
WEST 23 ST,WEST 23 ROAD
WEST 28 ST,WEST 28 AVENUE
WEST 4 ST,WEST 4 STREET
WEST 8 ST,WEST 8
WEST AVENUE,WEST AVENUE
WEST BRIGHTON AVENUE,WEST BRIGHTON AVENUE
WESTMINSTER ROAD,WEST INST ROAD
WEST MARGINAL ST,WEST MARGINAL ST
WILLIAMS COURT,WILLIAM COURT
WILLOUGHBY AVENUE,WILLOUGHBY AVE
WINDSOR PL,WINSOR PL
WINTHROP ST,WINTHROP AVENUE
WITHERS ST,WITHER ST
WITHERS ST,WITHERS AVENUE
WOLF PL,WOLF PL
WOODRUFF AVENUE,WOODRUFF AVE
WORTMAN AVENUE,WORTMAN AVE
WUNSCH ST,WUNSCH ST
WYTHE LANE,WYTHE LANE
WYTHE AVENUE,WYTHE ST